{
  "analysis_date": "2026-03-01T17:40:50.592336",
  "shu_models": {
    "linear_regression": {
      "test_r2": 0.966569,
      "test_mae": 17141.6238,
      "test_rmse": 21484.7456,
      "test_mape_percent": 30.91,
      "cv_r2_mean": 0.956256,
      "cv_r2_std": 0.00968,
      "cv_r2_scores": [
        0.964256,
        0.945394,
        0.943467,
        0.963601,
        0.964564
      ],
      "variety_metrics": {
        "Siling Haba": {
          "mae": 16159.2755,
          "rmse": 19807.5323,
          "r2": -28.397069,
          "mape_percent": 72.95
        },
        "Siling Labuyo": {
          "mae": 11109.7739,
          "rmse": 12998.5906,
          "r2": -26.500504,
          "mape_percent": 11.65
        },
        "Siling Demonyo": {
          "mae": 24155.8218,
          "rmse": 28696.3619,
          "r2": 0.133985,
          "mape_percent": 8.12
        }
      }
    },
    "random_forest": {
      "test_r2": 0.97608,
      "test_mae": 11497.7101,
      "test_rmse": 18173.2598,
      "test_mape_percent": 16.42,
      "cv_r2_mean": 0.973768,
      "cv_r2_std": 0.008831,
      "cv_r2_scores": [
        0.974964,
        0.95641,
        0.979183,
        0.979391,
        0.978894
      ],
      "variety_metrics": {
        "Siling Haba": {
          "mae": 8036.9303,
          "rmse": 14191.3799,
          "r2": -14.090114,
          "mape_percent": 37.46
        },
        "Siling Labuyo": {
          "mae": 4156.203,
          "rmse": 6821.3624,
          "r2": -6.573391,
          "mape_percent": 4.46
        },
        "Siling Demonyo": {
          "mae": 22299.997,
          "rmse": 27255.7493,
          "r2": 0.218753,
          "mape_percent": 7.34
        }
      }
    }
  },
  "maturity_model": {
    "decision_tree": {
      "test_r2": 0.87757,
      "test_mae": 0.0842,
      "test_rmse": 0.1033,
      "test_mape_percent": 606943449781305.9,
      "cv_r2_mean": 0.909067,
      "cv_r2_std": 0.00755,
      "cv_r2_scores": [
        0.916335,
        0.917065,
        0.906119,
        0.896442,
        0.909373
      ],
      "variety_metrics": {
        "Siling Haba": {
          "mae": 0.0831,
          "rmse": 0.0999,
          "r2": 0.88685,
          "mape_percent": 1318678990892038.2
        },
        "Siling Labuyo": {
          "mae": 0.074,
          "rmse": 0.094,
          "r2": 0.882433,
          "mape_percent": 18.45
        },
        "Siling Demonyo": {
          "mae": 0.0955,
          "rmse": 0.1148,
          "r2": 0.864329,
          "mape_percent": 502151358451861.25
        }
      },
      "tree_depth": 8,
      "n_leaves": 62
    }
  },
  "best_shu_model": "random_forest",
  "summary": {
    "lr_vs_rf_r2_improvement": 0.009511,
    "lr_vs_rf_mae_reduction": 5643.9137,
    "lr_vs_rf_rmse_reduction": 3311.4858
  }
}